<?xml version="1.0"?>
<doc>
    <assembly>
        <name>CustomProgress</name>
    </assembly>
    <members>
        <member name="T:CustomProgress.CustomProgressBar">
            <summary>
            Represents a Windows progress bar control which displays 
            its <see cref="P:System.Windows.Forms.ProgressBar.Value" /> as text on a faded background.
            </summary>
            <remarks>
            CustomProgressBar is a specialized type of <see cref="T:System.Windows.Forms.ProgressBar" />, which it extends 
            to fade its background colors and to display its <see cref="P:CustomProgress.CustomProgressBar.Text" />. 
            
            <para>You can manipulate the background fading intensity by changing the value of 
            property <see cref="P:CustomProgress.CustomProgressBar.Fade" /> which accepts values between 0 and 255. 
            Lower values make the background darker; higher values make the background lighter.</para>
            
            <para>The current <see cref="P:System.Windows.Forms.ProgressBar.Text" /> is displayed using the values of properties 
            <see cref="P:CustomProgress.CustomProgressBar.Font" /> and <see cref="P:CustomProgress.CustomProgressBar.ForeColor" />.</para>
            
            <para><note type="inherit">When you derive from CustomProgressBar, adding new functionality to the 
            derived class, if your derived class references objects that must be disposed of before an instance of 
            your class is destroyed, you must override the <see cref="M:CustomProgress.CustomProgressBar.Dispose(System.Boolean)" /> 
            method, and call <see cref="M:System.ComponentModel.Component.Dispose">Dispose()</see> on all objects 
            that are referenced in your class, before calling <c>Dispose(disposing)</c> on the base class.</note></para>
            </remarks>
        </member>
        <member name="M:CustomProgress.CustomProgressBar.#ctor">
            <summary>
            Initializes a new instance of the 
            <see cref="T:CustomProgress.CustomProgressBar" /> class.
            </summary>
        </member>
        <member name="M:CustomProgress.CustomProgressBar.Dispose(System.Boolean)">
            <summary> 
            Releases the unmanaged resources used by the <see cref="T:CustomProgress.CustomProgressBar" /> 
            and optionally releases the managed resources.
            </summary>
            <param name="disposing"><b>True</b> to release both managed and unmanaged 
            resources; <b>false</b> to release only unmanaged resources.</param> 
            <remarks>
            This method is called by the public <see cref="M:System.Windows.Forms.Control.Dispose(System.Boolean)" /> method and 
            the <see cref="M:System.Object.Finalize" /> method. Dispose invokes Dispose with the 
            <i>disposing</i> parameter set to <b>true</b>. Finalize invokes Dispose with 
            <i>disposing</i> set to <b>false</b>.
            
            <para><note type="inherit">Dispose might be called multiple times by other objects. 
            When overriding <i>Dispose(Boolean)</i>, be careful not to reference objects that 
            have been previously disposed of in an earlier call to Dispose.
            
            <para>If your derived class references objects that must be disposed of before an 
            instance of your class is destroyed, you must call <see cref="M:System.Windows.Forms.Control.Dispose(System.Boolean)" /> on 
            all objects that are referenced in your class, before calling <c>Dispose(disposing)</c> 
            on the base class.</para></note></para>
            </remarks>
            <overloads>Releases all resources used by the <see cref="T:CustomProgress.CustomProgressBar" />.
            <para>This member is overloaded. For complete information about this member, 
            click a name in the overload list.</para></overloads>
        </member>
        <member name="P:CustomProgress.CustomProgressBar.CreateParams">
            <summary>
            Returns the parameters used to create the window 
            for the <see cref="T:CustomProgress.CustomProgressBar" /> control.
            </summary>
            <value>A <see cref="T:System.Windows.Forms.CreateParams" /> object that contains the 
            required creation parameters for the <see cref="T:CustomProgress.CustomProgressBar" /> control.</value>
            <remarks>
            The information returned by the CreateParams property is used to 
            pass information about the initial state and appearance of this 
            control, at the time an instance of this class is being created.
            
            <para><note type="inherit">When overriding the CreateParams property in a derived 
            class, use the base class's CreateParams property to extend the base implementation. 
            Otherwise, you must provide all the implementation.</note></para>
            </remarks>
        </member>
        <member name="P:CustomProgress.CustomProgressBar.Fade">
            <summary>
            Gets or sets the opacity of the white overlay brush which fades 
            the background colors of the <see cref="T:CustomProgress.CustomProgressBar" />.
            </summary>
            <value>An <see cref="T:System.Int32" /> representing the alpha 
            value of the overlay color. The default is <b>150</b>.</value>
            <remarks>
            You can use this property to manipulate the density of the background coloring of this control, 
            to allow for better readability of any text within the <see cref="T:CustomProgress.CustomProgressBar" />. You can use 
            the <see cref="P:CustomProgress.CustomProgressBar.Font" /> and <see cref="P:CustomProgress.CustomProgressBar.ForeColor" /> properties 
            to further optimize the display of text.
            
            <para>Acceptable values for this property are between 0 and 255 inclusive. The default is 150; 
            lower values make the background darker; higher values make the background lighter.</para>
            </remarks>
            <exception cref="T:System.ArgumentOutOfRangeException">The value assigned to the property is less than 0 or greater than 255.</exception>
        </member>
        <member name="P:CustomProgress.CustomProgressBar.Font">
            <summary>
            Gets or sets the <see cref="T:System.Drawing.Font" /> of 
            the text displayed by the <see cref="T:CustomProgress.CustomProgressBar" />.
            </summary>
            <value>The <see cref="T:System.Drawing.Font" /> to 
            apply to the text displayed by the control.</value>
            <remarks>
            You can use the Font property to change the <see cref="T:System.Drawing.Font" /> 
            to use when drawing text. To change the text <see cref="T:System.Drawing.Color" />, 
            use the <see cref="P:CustomProgress.CustomProgressBar.ForeColor" /> property.
            
            <para>The Font property is an ambient property. An ambient property is 
            a control property that, if not set, is retrieved from the parent control.</para>
            
            <para>Because the <see cref="T:System.Drawing.Font" /> class is immutable (meaning 
            that you cannot adjust any of its properties), you can only assign the Font property 
            a new Font. However, you can base the new font on the existing font.</para>
            
            <para><note type="inherit">When overriding the Font property in a derived class, use the 
            base class's Font property to extend the base implementation. Otherwise, you must provide 
            all the implementation.</note></para>
            </remarks>
        </member>
        <member name="P:CustomProgress.CustomProgressBar.ForeColor">
            <summary>
            Gets or sets the color of the text displayed by <see cref="T:CustomProgress.CustomProgressBar" />.
            </summary>
            <value>A <see cref="T:System.Drawing.Color" /> that represents the 
            control's foreground color. The default is <b>ControlText</b>.</value>
            <remarks>
            You can use the ForeColor property to change the color of the text within the 
            <see cref="T:CustomProgress.CustomProgressBar" /> to match the text of other controls on your form.
            To change the <see cref="T:System.Drawing.Font" /> to use when drawing text, use the 
            <see cref="P:CustomProgress.CustomProgressBar.Font">CustomProgressBar.Font</see> property.
            
            <para><note type="inherit">When overriding the ForeColor property in a derived class, 
            use the base class's ForeColor property to extend the base implementation. Otherwise, 
            you must provide all the implementation.</note></para>
            </remarks>
        </member>
        <member name="P:CustomProgress.CustomProgressBar.Text">
            <summary>
            Gets the text associated with this <see cref="T:CustomProgress.CustomProgressBar" />.
            </summary>
            <value>A <see cref="T:System.String" /> representing the text displayed in the control.</value>
            <remarks>
            The <see cref="T:CustomProgress.CustomProgressBar" /> control supports display of a single line of 
            text, consisting of the <see cref="P:System.Windows.Forms.ProgressBar.Value" /> followed by a percent sign.
            
            <para>The text is displayed using the values of properties 
            <see cref="P:CustomProgress.CustomProgressBar.Font" /> and <see cref="P:CustomProgress.CustomProgressBar.ForeColor" />.</para>
            </remarks>
        </member>
        <member name="M:CustomProgress.CustomProgressBar.WndProc(System.Windows.Forms.Message@)">
            <summary>
            Processes Windows messages.
            </summary>
            <param name="m">The Windows Message to process.</param>
            <remarks>
            All messages are sent to the WndProc method after getting filtered 
            through the PreProcessMessage method. The WndProc method corresponds 
            exactly to the Windows WindowProc function. 
            
            <para><note type="inherit">Inheriting controls should call the base class's 
            WndProc method to process any messages that they do not handle.</note></para>
            </remarks>
        </member>
        <member name="M:CustomProgress.CustomProgressBar.ToString">
            <summary>
            Returns a string representation for this <see cref="T:CustomProgress.CustomProgressBar" />.
            </summary>
            <returns>A <see cref="T:System.String" /> that describes this control.</returns>
        </member>
    </members>
</doc>
